study,dataset_id,platform,target_class,mean_t,sd_t,n_t,mean_c,sd_c,n_c
Adeyemi 2019,1,LAMP,unique_region,5.42,0.31,6,1.10,0.22,6
Adeyemi 2019,2,qPCR,unique_region,5.18,0.28,6,1.10,0.22,6
Bello 2020,1,LAMP,ribosomal,4.05,0.44,5,0.98,0.19,5
Costa 2021,1,qPCR,pectolytic,4.88,0.36,8,1.02,0.25,8
Dlamini 2021,1,conventional_PCR,ribosomal,3.41,0.52,4,1.15,0.30,4
Eze 2022,1,LAMP,pectolytic,4.63,0.29,6,0.95,0.21,6
Farouk 2022,1,RPA,unique_region,5.07,0.33,5,1.08,0.24,5
Gupta 2023,1,qPCR,unique_region,5.55,0.27,9,1.04,0.18,9
Haruna 2023,1,LAMP,unique_region,5.31,0.30,6,1.01,0.20,6
Ibrahim 2024,1,conventional_PCR,pectolytic,3.72,0.49,4,1.12,0.28,4
